{
  "metadata": {
    "llm_model": "afriqueqwen-8b",
    "llm_model_path": "McGill-NLP/AfriqueQwen-8B",
    "languages": [
      "swa",
      "yor",
      "kin"
    ],
    "seeds": [
      42,
      43,
      44
    ],
    "num_examples": 50,
    "conditions": [
      "llm_only",
      "clean",
      "irrelevant_10",
      "irrelevant_30",
      "irrelevant_50",
      "contradictory_10",
      "contradictory_30",
      "contradictory_50",
      "partially_correct_10",
      "partially_correct_30",
      "partially_correct_50",
      "translation_artifact_10",
      "translation_artifact_30",
      "translation_artifact_50"
    ]
  },
  "by_language": {
    "swa": {
      "llm_only": {
        "correct_rate": {
          "mean": 0.13333333333333333,
          "std": 0.024944382578492942,
          "values": [
            0.1,
            0.14,
            0.16
          ]
        },
        "delta_vs_clean_mean": -0.11333333333333334
      },
      "clean": {
        "correct_rate": {
          "mean": 0.24666666666666667,
          "std": 0.10873004286866728,
          "values": [
            0.16,
            0.18,
            0.4
          ]
        },
        "delta_vs_clean_mean": 0.0
      },
      "irrelevant_10": {
        "correct_rate": {
          "mean": 0.26666666666666666,
          "std": 0.08379870059984357,
          "values": [
            0.18,
            0.38,
            0.24
          ]
        },
        "delta_vs_clean_mean": 0.01999999999999999
      },
      "irrelevant_30": {
        "correct_rate": {
          "mean": 0.22,
          "std": 0.058878405775518984,
          "values": [
            0.14,
            0.24,
            0.28
          ]
        },
        "delta_vs_clean_mean": -0.026666666666666672
      },
      "irrelevant_50": {
        "correct_rate": {
          "mean": 0.2,
          "std": 0.04320493798938574,
          "values": [
            0.16,
            0.26,
            0.18
          ]
        },
        "delta_vs_clean_mean": -0.04666666666666666
      },
      "contradictory_10": {
        "correct_rate": {
          "mean": 0.21333333333333335,
          "std": 0.05734883511361752,
          "values": [
            0.14,
            0.22,
            0.28
          ]
        },
        "delta_vs_clean_mean": -0.033333333333333326
      },
      "contradictory_30": {
        "correct_rate": {
          "mean": 0.2866666666666667,
          "std": 0.08379870059984357,
          "values": [
            0.26,
            0.2,
            0.4
          ]
        },
        "delta_vs_clean_mean": 0.04000000000000001
      },
      "contradictory_50": {
        "correct_rate": {
          "mean": 0.23333333333333334,
          "std": 0.04109609335312652,
          "values": [
            0.18,
            0.24,
            0.28
          ]
        },
        "delta_vs_clean_mean": -0.013333333333333336
      },
      "partially_correct_10": {
        "correct_rate": {
          "mean": 0.26666666666666666,
          "std": 0.02494438257849294,
          "values": [
            0.26,
            0.24,
            0.3
          ]
        },
        "delta_vs_clean_mean": 0.01999999999999999
      },
      "partially_correct_30": {
        "correct_rate": {
          "mean": 0.24666666666666667,
          "std": 0.0679869268479038,
          "values": [
            0.22,
            0.18,
            0.34
          ]
        },
        "delta_vs_clean_mean": 0.0
      },
      "partially_correct_50": {
        "correct_rate": {
          "mean": 0.22666666666666666,
          "std": 0.01885618083164126,
          "values": [
            0.2,
            0.24,
            0.24
          ]
        },
        "delta_vs_clean_mean": -0.020000000000000018
      },
      "translation_artifact_10": {
        "correct_rate": {
          "mean": 0.29333333333333333,
          "std": 0.07363574011458174,
          "values": [
            0.2,
            0.3,
            0.38
          ]
        },
        "delta_vs_clean_mean": 0.04666666666666666
      },
      "translation_artifact_30": {
        "correct_rate": {
          "mean": 0.25333333333333335,
          "std": 0.08993825042154695,
          "values": [
            0.18,
            0.2,
            0.38
          ]
        },
        "delta_vs_clean_mean": 0.006666666666666682
      },
      "translation_artifact_50": {
        "correct_rate": {
          "mean": 0.24,
          "std": 0.043204937989385725,
          "values": [
            0.22,
            0.2,
            0.3
          ]
        },
        "delta_vs_clean_mean": -0.006666666666666682
      }
    },
    "yor": {
      "llm_only": {
        "correct_rate": {
          "mean": 0.1,
          "std": 0.032659863237109045,
          "values": [
            0.14,
            0.06,
            0.1
          ]
        },
        "delta_vs_clean_mean": -0.053333333333333316
      },
      "clean": {
        "correct_rate": {
          "mean": 0.15333333333333332,
          "std": 0.037712361663282526,
          "values": [
            0.1,
            0.18,
            0.18
          ]
        },
        "delta_vs_clean_mean": 0.0
      },
      "irrelevant_10": {
        "correct_rate": {
          "mean": 0.14666666666666667,
          "std": 0.00942809041582063,
          "values": [
            0.16,
            0.14,
            0.14
          ]
        },
        "delta_vs_clean_mean": -0.006666666666666654
      },
      "irrelevant_30": {
        "correct_rate": {
          "mean": 0.18,
          "std": 0.016329931618554522,
          "values": [
            0.18,
            0.16,
            0.2
          ]
        },
        "delta_vs_clean_mean": 0.026666666666666672
      },
      "irrelevant_50": {
        "correct_rate": {
          "mean": 0.16666666666666666,
          "std": 0.041096093353126514,
          "values": [
            0.16,
            0.22,
            0.12
          ]
        },
        "delta_vs_clean_mean": 0.013333333333333336
      },
      "contradictory_10": {
        "correct_rate": {
          "mean": 0.15333333333333335,
          "std": 0.049888765156985884,
          "values": [
            0.1,
            0.22,
            0.14
          ]
        },
        "delta_vs_clean_mean": 2.7755575615628914e-17
      },
      "contradictory_30": {
        "correct_rate": {
          "mean": 0.16666666666666666,
          "std": 0.049888765156985884,
          "values": [
            0.22,
            0.1,
            0.18
          ]
        },
        "delta_vs_clean_mean": 0.013333333333333336
      },
      "contradictory_50": {
        "correct_rate": {
          "mean": 0.15333333333333335,
          "std": 0.01885618083164126,
          "values": [
            0.18,
            0.14,
            0.14
          ]
        },
        "delta_vs_clean_mean": 2.7755575615628914e-17
      },
      "partially_correct_10": {
        "correct_rate": {
          "mean": 0.14666666666666667,
          "std": 0.01885618083164127,
          "values": [
            0.16,
            0.12,
            0.16
          ]
        },
        "delta_vs_clean_mean": -0.006666666666666654
      },
      "partially_correct_30": {
        "correct_rate": {
          "mean": 0.18666666666666668,
          "std": 0.024944382578492942,
          "values": [
            0.16,
            0.18,
            0.22
          ]
        },
        "delta_vs_clean_mean": 0.033333333333333354
      },
      "partially_correct_50": {
        "correct_rate": {
          "mean": 0.16,
          "std": 0.032659863237109045,
          "values": [
            0.12,
            0.16,
            0.2
          ]
        },
        "delta_vs_clean_mean": 0.006666666666666682
      },
      "translation_artifact_10": {
        "correct_rate": {
          "mean": 0.15333333333333332,
          "std": 0.05734883511361751,